{
  "Procambarus clarkii": {
    "k": [
      2,
      3,
      5,
      8,
      13,
      21,
      34
    ],
    "D": [
      0.7172135938670477,
      0.6647436194879103,
      0.3269206272066789,
      0.031856042584848754,
      0.007880639495628783,
      0.00043149320589586093,
      1.4677430499876465e-06
    ],
    "I": [
      0.9309801050601448,
      0.9077545426798228,
      0.6269649987891792,
      0.12108333229347282,
      0.0334776367621365,
      0.0027651928872863447,
      5.7049685727088395e-05
    ]
  },
  "Faxonius limosus": {
    "k": [
      2,
      3,
      5,
      8,
      13,
      21,
      34
    ],
    "D": [
      0.5333495595802302,
      0.300581295137051,
      0.09969719976281421,
      0.019977629843324518,
      0.0009594522239014802,
      5.1283846073002515e-05,
      8.086195638634663e-07
    ],
    "I": [
      0.8355318655660964,
      0.6003504347692232,
      0.2639475594519651,
      0.07985726057683668,
      0.008422097594564023,
      0.0007310348426289872,
      2.456956511897341e-05
    ]
  },
  "Pacifastacus leniusculus": {
    "k": [
      2,
      3,
      5,
      8,
      13,
      21,
      34
    ],
    "D": [
      0.6404738729104856,
      0.5146268562243672,
      0.45322745224508243,
      0.25051088812668,
      0.05958446720667876,
      0.002438683285856058,
      8.374285625412092e-05
    ],
    "I": [
      0.8780963981563581,
      0.7918973419726173,
      0.7229154803972316,
      0.498270445998897,
      0.1645975449334369,
      0.019978753788209683,
      0.001559460503104065
    ]
  },
  "Faxonius virilis": {
    "k": [
      2,
      3,
      5,
      8,
      13,
      21,
      34
    ],
    "D": [
      0.3075477172067096,
      0.26762731913942117,
      0.1131197980248746,
      0.040872831358538475,
      0.006240925414496279,
      0.000567473059280954,
      1.3730964528946288e-05
    ],
    "I": [
      0.6545600803133557,
      0.5721652813963626,
      0.2843143521543777,
      0.13681049168087214,
      0.029763021837058968,
      0.0037916927789108145,
      0.00021158729109603877
    ]
  },
  "Faxonius rusticus": {
    "k": [
      2,
      3,
      5,
      8,
      13,
      21,
      34
    ],
    "D": [
      0.3609250796106257,
      0.31789567720555967,
      0.272253115798025,
      0.09920587795669022,
      0.0144255716793118,
      0.000408403744625363,
      3.8097324713826097e-06
    ],
    "I": [
      0.7155233952640027,
      0.6651233886295324,
      0.5764214094698434,
      0.28598484683129827,
      0.07699987059078461,
      0.007315840573775728,
      0.00034730618322471147
    ]
  }
}