{
  "Procambarus clarkii": {
    "k": [
      2,
      3,
      5,
      8,
      13,
      21,
      34
    ],
    "D": [
      0.7172135938671074,
      0.6647436194879439,
      0.32692062720667736,
      0.03185604258485086,
      0.007880639495630226,
      0.00043149320589641604,
      1.467743050209691e-06
    ],
    "I": [
      0.9309801050601723,
      0.9077545426798319,
      0.6269649987891763,
      0.12108333229347866,
      0.033477636762141355,
      0.002765192887287717,
      5.7049685727090374e-05
    ],
    "S5_D": 0.6191244077437217,
    "S5_I": 0.8594988334264677
  },
  "Faxonius limosus": {
    "k": [
      2,
      3,
      5,
      8,
      13,
      21,
      34
    ],
    "D": [
      0.5333495595802414,
      0.30058129513704945,
      0.09969719976282199,
      0.019977629843325406,
      0.0009594522239012582,
      5.1283846073002515e-05,
      8.086195640855109e-07
    ],
    "I": [
      0.8355318655661066,
      0.6003504347692231,
      0.2639475594519757,
      0.07985726057683833,
      0.008422097594563797,
      0.0007310348426290342,
      2.4569565118976057e-05
    ],
    "S5_D": 0.47960734298733665,
    "S5_I": 0.75670059032841
  },
  "Pacifastacus leniusculus": {
    "k": [
      2,
      3,
      5,
      8,
      13,
      21,
      34
    ],
    "D": [
      0.6404738729104855,
      0.5146268562243683,
      0.453227452245082,
      0.2505108881266789,
      0.05958446720667987,
      0.002438683285855947,
      8.374285625412092e-05
    ],
    "I": [
      0.878096398156358,
      0.7918973419726185,
      0.7229154803972315,
      0.49827044599889614,
      0.16459754493343895,
      0.019978753788209146,
      0.0015594605031040926
    ],
    "S5_D": 0.3692894294201946,
    "S5_I": 0.6027301608015866
  },
  "Faxonius virilis": {
    "k": [
      2,
      3,
      5,
      8,
      13,
      21,
      34
    ],
    "D": [
      0.30754771720670937,
      0.26762731913941995,
      0.11311979802487504,
      0.040872831358538475,
      0.006240925414496168,
      0.0005674730592810651,
      1.3730964528946288e-05
    ],
    "I": [
      0.6545600803133551,
      0.5721652813963604,
      0.28431435215437845,
      0.13681049168087225,
      0.029763021837059048,
      0.003791692778910771,
      0.0002115872910960391
    ],
    "S5_D": 0.3264128967353408,
    "S5_I": 0.6075096416809163
  },
  "Faxonius rusticus": {
    "k": [
      2,
      3,
      5,
      8,
      13,
      21,
      34
    ],
    "D": [
      0.3609250796106278,
      0.3178956772055601,
      0.27225311579802614,
      0.09920587795669156,
      0.014425571679311688,
      0.00040840374462558504,
      3.8097324713826097e-06
    ],
    "I": [
      0.7155233952640045,
      0.6651233886295327,
      0.5764214094698448,
      0.2859848468313003,
      0.07699987059078366,
      0.007315840573775613,
      0.00034730618322471044
    ],
    "S5_D": 0.2994793730683033,
    "S5_I": 0.5651062729037809
  }
}