{
  "Procambarus clarkii": {
    "RF": {
      "_baseline": {
        "acc": 0.9885421518397765,
        "auc": 0.9988092721956395
      },
      "Climate": {
        "drop_acc": 0.23090824406148108,
        "drop_acc_sd": 0.008615924135563923,
        "drop_auc": 0.21743989950865678,
        "drop_auc_sd": 0.011058014437165385,
        "n_vars": 34
      },
      "Land Cover": {
        "drop_acc": -0.0001397298556124693,
        "drop_acc_sd": 0.001502772781080737,
        "drop_auc": -4.418897438648095e-05,
        "drop_auc_sd": 0.000471932998936696,
        "n_vars": 20
      },
      "Soil": {
        "drop_acc": 0.011951560316721031,
        "drop_acc_sd": 0.0035013847133979715,
        "drop_auc": 0.0019662691637228093,
        "drop_auc_sd": 0.0008994286341065489,
        "n_vars": 49
      },
      "Topography": {
        "drop_acc": 0.005393572426641837,
        "drop_acc_sd": 0.003321915486840877,
        "drop_auc": 0.00038079105242047053,
        "drop_auc_sd": 0.0007359678141042256,
        "n_vars": 92
      }
    },
    "DT": {
      "_baseline": {
        "acc": 0.983791336748952,
        "auc": 0.98959708293486
      },
      "Climate": {
        "drop_acc": 0.28927806241266885,
        "drop_acc_sd": 0.007955548230853387,
        "drop_auc": 0.46822570960597676,
        "drop_auc_sd": 0.016027572913856765,
        "n_vars": 34
      },
      "Land Cover": {
        "drop_acc": 0.0019003260363297558,
        "drop_acc_sd": 0.0024780161822911453,
        "drop_auc": 0.0012253208556832385,
        "drop_auc_sd": 0.003920852901772362,
        "n_vars": 20
      },
      "Soil": {
        "drop_acc": 0.007591988821611559,
        "drop_acc_sd": 0.003902720431954211,
        "drop_auc": 0.022059788928815934,
        "drop_auc_sd": 0.00853626232829677,
        "n_vars": 49
      },
      "Topography": {
        "drop_acc": 0.028849557522123894,
        "drop_acc_sd": 0.009666779412749904,
        "drop_auc": 0.10672636296653676,
        "drop_auc_sd": 0.03667724628092402,
        "n_vars": 92
      }
    }
  },
  "Faxonius limosus": {
    "RF": {
      "_baseline": {
        "acc": 0.9997765363128492,
        "auc": 1.0
      },
      "Climate": {
        "drop_acc": 0.14837861347531034,
        "drop_acc_sd": 0.004804699483471055,
        "drop_auc": 0.09454081293968261,
        "drop_auc_sd": 0.007873293823321047,
        "n_vars": 49
      },
      "Land Cover": {
        "drop_acc": 0.00011185682326630975,
        "drop_acc_sd": 0.0005122106420028813,
        "drop_auc": 8.881784197001253e-18,
        "drop_auc_sd": 3.011959563148489e-17,
        "n_vars": 37
      },
      "Soil": {
        "drop_acc": 0.0008946046267482477,
        "drop_acc_sd": 0.0009744000215121308,
        "drop_auc": 1.9984014443252817e-17,
        "drop_auc_sd": 4.265337574760008e-17,
        "n_vars": 63
      },
      "Topography": {
        "drop_acc": 0.001140589654181292,
        "drop_acc_sd": 0.001146169661021071,
        "drop_auc": 0.0001230757657828585,
        "drop_auc_sd": 0.0002698034120983044,
        "n_vars": 121
      }
    },
    "DT": {
      "_baseline": {
        "acc": 0.9993288590604028,
        "auc": 0.9984397117488097
      },
      "Climate": {
        "drop_acc": 0.09405034181945447,
        "drop_acc_sd": 0.006747213172908,
        "drop_auc": 0.15348182986866468,
        "drop_auc_sd": 0.040985426731081596,
        "n_vars": 49
      },
      "Land Cover": {
        "drop_acc": 1.3322676295501878e-16,
        "drop_acc_sd": 0.001342281879194651,
        "drop_auc": 4.4408920985006264e-17,
        "drop_auc_sd": 0.003120576502380601,
        "n_vars": 37
      },
      "Soil": {
        "drop_acc": 0.01312806668916314,
        "drop_acc_sd": 0.008646979691014682,
        "drop_auc": 0.0409736218703145,
        "drop_auc_sd": 0.026720375012618095,
        "n_vars": 63
      },
      "Topography": {
        "drop_acc": 0.049762138652469104,
        "drop_acc_sd": 0.008695665568346798,
        "drop_auc": 0.04706342681268847,
        "drop_auc_sd": 0.015307360938211858,
        "n_vars": 121
      }
    }
  },
  "Pacifastacus leniusculus": {
    "RF": {
      "_baseline": {
        "acc": 0.9965032094876751,
        "auc": 0.9995742425847114
      },
      "Climate": {
        "drop_acc": 0.025414369914334163,
        "drop_acc_sd": 0.0022443359827812952,
        "drop_auc": 0.1311961847074618,
        "drop_auc_sd": 0.02086785710926264,
        "n_vars": 49
      },
      "Land Cover": {
        "drop_acc": 0.005419524184503813,
        "drop_acc_sd": 0.0024082247652406083,
        "drop_auc": 0.00015032407981814267,
        "drop_auc_sd": 0.0004994829831637152,
        "n_vars": 39
      },
      "Soil": {
        "drop_acc": 0.007998401221752967,
        "drop_acc_sd": 0.002476381907003182,
        "drop_auc": 0.0009174292771376913,
        "drop_auc_sd": 0.0007102784601945659,
        "n_vars": 70
      },
      "Topography": {
        "drop_acc": 0.002250912735342574,
        "drop_acc_sd": 0.0020015688690659195,
        "drop_auc": 2.8632402606107998e-05,
        "drop_auc_sd": 0.0002475146858815681,
        "n_vars": 134
      }
    },
    "DT": {
      "_baseline": {
        "acc": 0.9901653661679433,
        "auc": 0.9449816201959514
      },
      "Climate": {
        "drop_acc": 0.04012248550361511,
        "drop_acc_sd": 0.0073038324460230255,
        "drop_auc": 0.43207624707900905,
        "drop_auc_sd": 0.02935340957412852,
        "n_vars": 49
      },
      "Land Cover": {
        "drop_acc": 0.012435655141145831,
        "drop_acc_sd": 0.007072517188245526,
        "drop_auc": 0.16666997891456162,
        "drop_auc_sd": 0.05243346042406108,
        "n_vars": 39
      },
      "Soil": {
        "drop_acc": 0.0038021571575154113,
        "drop_acc_sd": 0.00466937813002426,
        "drop_auc": 0.0536223873374822,
        "drop_auc_sd": 0.05210451856895987,
        "n_vars": 70
      },
      "Topography": {
        "drop_acc": 0.0002404371584699061,
        "drop_acc_sd": 0.0055015185844314585,
        "drop_auc": -0.007981200897867618,
        "drop_auc_sd": 0.016930100314775435,
        "n_vars": 134
      }
    }
  },
  "Faxonius virilis": {
    "RF": {
      "_baseline": {
        "acc": 0.9898170139263737,
        "auc": 0.9988888719821466
      },
      "Climate": {
        "drop_acc": 0.09236433480873718,
        "drop_acc_sd": 0.012608652574481304,
        "drop_auc": 0.04585493000608655,
        "drop_auc_sd": 0.007250535758697283,
        "n_vars": 51
      },
      "Land Cover": {
        "drop_acc": -0.0007205189103603015,
        "drop_acc_sd": 0.004488107837247123,
        "drop_auc": 9.278613453914675e-05,
        "drop_auc_sd": 0.0015798747175902153,
        "n_vars": 35
      },
      "Soil": {
        "drop_acc": 0.011376533880312279,
        "drop_acc_sd": 0.006072933150038569,
        "drop_auc": 0.0034729639451643135,
        "drop_auc_sd": 0.003238364531019144,
        "n_vars": 63
      },
      "Topography": {
        "drop_acc": 0.060613102306668026,
        "drop_acc_sd": 0.017242611877576107,
        "drop_auc": 0.019885888183636333,
        "drop_auc_sd": 0.007875891932220378,
        "n_vars": 128
      }
    },
    "DT": {
      "_baseline": {
        "acc": 0.9736865306416206,
        "auc": 0.961550655015506
      },
      "Climate": {
        "drop_acc": 0.11706826442117363,
        "drop_acc_sd": 0.02773477998461334,
        "drop_auc": 0.2057725589079211,
        "drop_auc_sd": 0.04427814272500915,
        "n_vars": 51
      },
      "Land Cover": {
        "drop_acc": -1.9984014443252818e-16,
        "drop_acc_sd": 0.0045571509969741285,
        "drop_auc": 8.881784197001253e-17,
        "drop_auc_sd": 0.016376799729586403,
        "n_vars": 35
      },
      "Soil": {
        "drop_acc": 0.007381158012162876,
        "drop_acc_sd": 0.009146668837037785,
        "drop_auc": 0.019792160102020166,
        "drop_auc_sd": 0.029082112492561384,
        "n_vars": 63
      },