species,n_native,n_invasive,n_features,pc1_variance_explained,pc2_variance_explained,schoeners_D,warrens_I
Pontastacus leptodactylus,885,820,201,0.15704297879314727,0.08405374807901683,0.42154450419667133,0.7059885009824988
Austropotamobius fulcisianus,227,629,186,0.2323141750299905,0.08818942403771234,0.22863375488398419,0.38821149436752966
Austropotamobius pallipes,2790,231,271,0.1534090192089799,0.10258245324135502,0.07036294783906849,0.14641237969951915
