species,n_native,n_invasive,n_features,pc1_variance_explained,pc2_variance_explained,schoeners_D,warrens_I
Procambarus clarkii,2208,8527,195,0.1631175277702005,0.072757783880643,0.6191244077437217,0.8594988334264677
Faxonius limosus,382,4089,270,0.1323274824908955,0.0754284778287796,0.47960734298733665,0.75670059032841
Pacifastacus leniusculus,117,4459,292,0.16081123174075074,0.08943765761986013,0.3692894294201946,0.6027301608015866
Faxonius virilis,1856,500,277,0.12821592962172362,0.08513031587326765,0.3264128967353408,0.6075096416809163
Faxonius rusticus,1223,670,271,0.14338746090443125,0.09328895032086583,0.2994793730683033,0.5651062729037809
