{
  "Procambarus clarkii": {
    "pathway": "intercontinental",
    "rows": {
      "random": {
        "acc": 0.9885421518397765,
        "auc": 0.9988092721956395,
        "n_folds": 5,
        "n_single_class_folds": 0,
        "Climate": 0.21761089610623582,
        "Land Cover": -3.3767456838544875e-05,
        "Soil": 0.001944239208069427,
        "Topography": 0.000490369166590141
      },
      "50km": {
        "acc": 0.9873264098263327,
        "auc": 0.9990882489779003,
        "n_folds": 5,
        "n_single_class_folds": 0,
        "Climate": 0.22004145097997652,
        "Land Cover": 9.232232267798679e-05,
        "Soil": 0.00284551492773772,
        "Topography": 0.0014641917308033125,
        "n_cells": 1431
      },
      "100km": {
        "acc": 0.9849105295868663,
        "auc": 0.9985176828553364,
        "n_folds": 5,
        "n_single_class_folds": 0,
        "Climate": 0.2188633748728589,
        "Land Cover": 6.869199417537164e-05,
        "Soil": 0.003934719740745667,
        "Topography": 0.0018383539970600138,
        "n_cells": 715
      },
      "250km": {
        "acc": 0.9782630655121911,
        "auc": 0.9961715791648238,
        "n_folds": 5,
        "n_single_class_folds": 0,
        "Climate": 0.2225191704904892,
        "Land Cover": 9.140086279817439e-05,
        "Soil": 0.005466224713029093,
        "Topography": 0.0016435845748614586,
        "n_cells": 277
      },
      "500km": {
        "acc": 0.9584425168041462,
        "auc": 0.9824872447900723,
        "n_folds": 5,
        "n_single_class_folds": 0,
        "Climate": 0.21247393949086313,
        "Land Cover": -1.338152436203721e-05,
        "Soil": 0.007147723245725315,
        "Topography": 0.001619674184270039,
        "n_cells": 123
      }
    }
  },
  "Faxonius limosus": {
    "pathway": "intercontinental",
    "rows": {
      "random": {
        "acc": 0.9997765363128492,
        "auc": 1.0,
        "n_folds": 5,
        "n_single_class_folds": 0,
        "Climate": 0.09538087624997664,
        "Land Cover": 0.0,
        "Soil": 2.2204460492503132e-17,
        "Topography": 0.00012864032927448755
      },
      "50km": {
        "acc": 0.9997762863534675,
        "auc": 1.0,
        "n_folds": 5,
        "n_single_class_folds": 0,
        "Climate": 0.09747931365991808,
        "Land Cover": 1.3322676295501878e-17,
        "Soil": 4.440892098500626e-18,
        "Topography": 3.956261811945083e-05,
        "n_cells": 515
      },
      "100km": {
        "acc": 0.9997762863534675,
        "auc": 1.0,
        "n_folds": 5,
        "n_single_class_folds": 0,
        "Climate": 0.09466328774815455,
        "Land Cover": 1.3322676295501878e-17,
        "Soil": 1.3322676295501878e-17,
        "Topography": 0.00018099707105940333,
        "n_cells": 202
      },
      "250km": {
        "acc": 0.9992668982684574,
        "auc": 1.0,
        "n_folds": 5,
        "n_single_class_folds": 0,
        "Climate": 0.09854468491062797,
        "Land Cover": 0.0,
        "Soil": 4.440892098500626e-18,
        "Topography": 9.710863501044553e-05,
        "n_cells": 56
      },
      "500km": {
        "acc": 0.9990588959268336,
        "auc": 1.0,
        "n_folds": 5,
        "n_single_class_folds": 0,
        "Climate": 0.1128835323789846,
        "Land Cover": 8.329168748932858e-07,
        "Soil": 3.7897717807764406e-05,
        "Topography": 0.0005412949102748144,
        "n_cells": 23
      }
    }
  },
  "Pacifastacus leniusculus": {
    "pathway": "intercontinental",
    "rows": {
      "random": {
        "acc": 0.9965032094876751,
        "auc": 0.9995742425847114,
        "n_folds": 5,
        "n_single_class_folds": 0,
        "Climate": 0.13712294208595202,
        "Land Cover": 0.00012882630016144425,
        "Soil": 0.0009514061620954139,
        "Topography": 4.8322125671003134e-05
      },
      "50km": {
        "acc": 0.9962853461235592,
        "auc": 0.9995434038251568,
        "n_folds": 5,
        "n_single_class_folds": 0,
        "Climate": 0.13400547760776094,
        "Land Cover": 0.0001240642015863358,
        "Soil": 0.000985862402466795,
        "Topography": 0.00010640896957268886,
        "n_cells": 467
      },
      "100km": {
        "acc": 0.9960662896413487,
        "auc": 0.9993746435948051,
        "n_folds": 5,
        "n_single_class_folds": 0,
        "Climate": 0.13811474047210115,
        "Land Cover": 0.00011268886740064765,
        "Soil": 0.0018440522856723884,
        "Topography": 0.0003647719641334701,
        "n_cells": 228
      },
      "250km": {
        "acc": 0.993882069479185,
        "auc": 0.9995058434012947,
        "n_folds": 5,
        "n_single_class_folds": 0,
        "Climate": 0.13283655214263645,
        "Land Cover": 0.0006635466488489428,
        "Soil": 0.0021792665212786223,
        "Topography": 0.00036670229414064614,
        "n_cells": 85
      },
      "500km": {
        "acc": 0.982298871269327,
        "auc": 0.9988977596104519,
        "n_folds": 5,
        "n_single_class_folds": 0,
        "Climate": 0.12003606437678788,
        "Land Cover": 0.0010375296789669486,
        "Soil": 0.005810737868275391,
        "Topography": 0.0017062663057435268,
        "n_cells": 39
      }
    }
  },
  "Faxonius virilis": {
    "pathway": "within-continent",
    "rows": {
      "random": {
        "acc": 0.9898170139263737,
        "auc": 0.9988888719821466,
        "n_folds": 5,
        "n_single_class_folds": 0,
        "Climate": 0.046343328116395695,
        "Land Cover": 9.738283627510392e-05,
        "Soil": 0.003363046691592064,
        "Topography": 0.02076875489087906
      },
      "50km": {
        "acc": 0.9847160747058188,
        "auc": 0.9980169115729065,
        "n_folds": 5,
        "n_single_class_folds": 0,
        "Climate": 0.05202304727125174,
        "Land Cover": 0.00012023881981275242,
        "Soil": 0.005452809900588358,
        "Topography": 0.028870866301481023,
        "n_cells": 505
      },
      "100km": {
        "acc": 0.9800442621181042,
        "auc": 0.9974502217198504,
        "n_folds": 5,
        "n_single_class_folds": 0,
        "Climate": 0.05152113004666258,
        "Land Cover": 1.6095701823024556e-05,
        "Soil": 0.006004890879053981,
        "Topography": 0.026307566008752854,
        "n_cells": 250
      },
      "250km": {
        "acc": 0.9595978334182849,
        "auc": 0.993958243460281,
        "n_folds": 5,
        "n_single_class_folds": 0,
        "Climate": 0.06667591624438945,
        "Land Cover": 9.12104062622099e-06,
        "Soil": 0.021123883664787912,
        "Topography": 0.030173503824210433,
        "n_cells": 93
      },
      "500km": {
        "acc": 0.9611380394563535,
        "auc": 0.9849808958206296,
        "n_folds": 5,
        "n_single_class_folds": 0,
        "Climate": 0.08833444784808807,
        "Land Cover": 0.00032453739575704076,
        "Soil": 0.010520290568211754,
        "Topography": 0.05131850576340415,
        "n_cells": 36
      }
    }
  },
  "Faxonius rusticus": {
    "pathway": "within-continent",
    "rows": {
      "random": {
        "acc": 0.9820329187083804,
        "auc": 0.9975487733630276,
        "n_folds": 5,
        "n_single_class_folds": 0,
        "Climate": 0.15425580611495882,
        "Land Cover": 0.00015335084364058284,
        "Soil": 0.007289394446303117,
        "Topography": 0.0991252178385423
      },
      "50km": {
        "acc": 0.9810078848169426,
        "auc": 0.9963237697603644,
        "n_folds": 5,
        "n_single_class_folds": 0,
        "Climate": 0.15727979325374422,
        "Land Cover": 0.00013020774201673467,
        "Soil": 0.0055598065441359165,
        "Topography": 0.10451744078986563,
        "n_cells": 210
      },
      "100km": {
        "acc": 0.9770356050744736,
        "auc": 0.9956447857800883,
        "n_folds": 5,
        "n_single_class_folds": 0,
        "Climate": 0.16136121936659792,
        "Land Cover": 0.00034129614646935205,