{
  "intercontinental": {
    "mean": 0.0012550354643104972,
    "ci_low": 0.0005474505380591057,
    "ci_high": 0.0019869448281618104
  },
  "within-continent": {
    "mean": 0.534438016812295,
    "ci_low": 0.4328983934105404,
    "ci_high": 0.6186859620856563
  }
}