species,range,n_presence,strategy_a_accuracy,strategy_a_auc,strategy_b_accuracy,strategy_b_auc,strategy_a_features,strategy_b_features,strategy_a_climate,strategy_a_topography,strategy_a_soil,strategy_a_landcover,strategy_b_climate,strategy_b_topography,strategy_b_soil,strategy_b_landcover,top10_overlap_n
Pontastacus leptodactylus,native,885,0.8971751412429378,0.9291072169555366,0.9118644067796609,0.9381786842861247,193,190,85.53645186335248,4.269751898246724,10.193796238400797,0.0,85.28430626642655,6.226274258433119,8.489419475140322,0.0,3
Pontastacus leptodactylus,invasive,820,0.9542682926829269,0.9632436049970255,0.9347560975609757,0.9472598155859607,182,183,30.48434494625816,66.34400852945284,0.6033005019513222,2.568346022337683,24.60083541694488,74.09376781898149,1.3053967640736268,0.0,3
Austropotamobius fulcisianus,native,227,0.9250793650793652,0.9185840042941493,0.9382905982905984,0.9231969940955448,182,178,17.059321138288126,3.7147398672273657,79.22593899448451,0.0,17.575948746648734,4.320908606598554,78.1031426467527,0.0,3
Austropotamobius fulcisianus,invasive,629,0.957854297097325,0.9597286470143613,0.9737589325238728,0.969410229276896,181,187,21.05973137066609,77.18623113871674,1.7540374906171767,0.0,92.35585563786134,7.316208798558701,0.3279355635799632,0.0,3
Austropotamobius pallipes,native,2790,0.9817204301075269,0.9853769221875363,0.9750896057347671,0.9806849860613301,277,268,77.50080078130502,21.416982743381176,1.0822164753138033,0.0,78.22839369178716,21.701082857656345,0.07052345055650058,0.0,4
Austropotamobius pallipes,invasive,231,0.9415381019167836,0.9312693560712706,0.9827021972884525,0.9827937095282145,177,260,93.42186828401167,0.0,6.578131715988335,0.0,94.16966613143593,5.088218840734761,0.7421150278293137,0.0,2
