type,mean_importance,sd_importance,mean_pct,sd_pct
Climate,0.5400974386464836,0.009985513929961843,54.009743864648364,0.9985513929961843
Land Cover,0.005493435993926984,0.00102828412885352,0.5493435993926984,0.10282841288535201
Soil,0.26799496266437217,0.020035709311949815,26.799496266437217,2.0035709311949814
Topography,0.1864141626952173,0.0146408491088236,18.64141626952173,1.46408491088236
