type,mean_importance,sd_importance,mean_pct,sd_pct
Climate,0.46958354568068283,0.02408190326524391,46.95835456806828,2.408190326524391
Land Cover,0.006254965438434304,0.000838915015417754,0.6254965438434303,0.0838915015417754
Soil,0.2988897166625293,0.026936636276738826,29.888971666252928,2.6936636276738826
Topography,0.22527177221835357,0.02219754831030139,22.527177221835355,2.219754831030139
