type,mean_importance,sd_importance,mean_pct,sd_pct
Climate,0.4264219778696935,0.0011933488215039628,42.64219778696935,0.11933488215039628
Land Cover,0.009525541157950427,0.0006364514410287294,0.9525541157950427,0.06364514410287293
Soil,0.22638659638020714,0.007042956865918084,22.638659638020712,0.7042956865918084
Topography,0.3376658845921489,0.0059549637657094244,33.766588459214894,0.5954963765709425
