type,mean_importance,sd_importance,mean_pct,sd_pct
Climate,0.7594639260347791,0.009751045701315474,75.94639260347793,0.9751045701315476
Land Cover,0.00946933483259638,0.0008211776223352059,0.9469334832596382,0.08211776223352062
Soil,0.077859768489331,0.00614324501379835,7.785976848933101,0.6143245013798352
Topography,0.15320697064329342,0.008482831321683518,15.320697064329345,0.8482831321683519
