type,mean_importance,sd_importance,mean_pct,sd_pct
Climate,0.6197747407724264,0.015040391565594353,61.97747407724265,1.5040391565594353
Land Cover,0.0589806346080304,0.0058238940922876814,5.89806346080304,0.5823894092287681
Soil,0.1920001263809788,0.014457955833126406,19.20001263809788,1.4457955833126406
Topography,0.12924449823856432,0.00480398087553526,12.924449823856431,0.480398087553526
