type,mean_importance,sd_importance,mean_pct,sd_pct
Climate,0.40618733585377476,0.00739312778327522,40.61873358537748,0.739312778327522
Land Cover,0.01490557381048577,0.0010006800298445824,1.490557381048577,0.10006800298445824
Soil,0.25214141374881555,0.00424282888159135,25.214141374881553,0.424282888159135
Topography,0.32676567658692396,0.0048844537947603135,32.6765676586924,0.48844537947603134
