species,fold,accuracy
Procambarus clarkii,1,0.9864927806241267
Procambarus clarkii,2,0.9906846762925011
Procambarus clarkii,3,0.9878900791802515
Procambarus clarkii,4,0.992081974848626
Procambarus clarkii,5,0.9883558453656265
