type,mean_importance,sd_importance,mean_pct,sd_pct
Climate,0.5802891813645662,0.006514789245689306,58.02891813645662,0.6514789245689305
Land Cover,0.008406504391405634,0.0003457717644177074,0.8406504391405634,0.03457717644177074
Soil,0.2449642324620002,0.005639922732200495,24.49642324620002,0.5639922732200495
Topography,0.16634008178202794,0.009836443471946888,16.634008178202794,0.9836443471946889
